match_id,player_id,Ball Receipt*,Ball Recovery,Carry,Dispossessed,Dribble,Duel,Foul Won,Pass,Pressure,Shot,Block,Dribbled Past,Foul Committed,Interception,Miscontrol,Clearance,Error,Goal Keeper,Shield,Injury Stoppage,Offside,minutes_played,duels_lost,passes_last_15_minute,position_name_Center Attacking Midfield,position_name_Center Back,position_name_Center Defensive Midfield,position_name_Center Forward,position_name_Center Midfield,position_name_Goalkeeper,position_name_Left Attacking Midfield,position_name_Left Back,position_name_Left Center Back,position_name_Left Center Forward,position_name_Left Center Midfield,position_name_Left Defensive Midfield,position_name_Left Midfield,position_name_Left Wing,position_name_Left Wing Back,position_name_Right Attacking Midfield,position_name_Right Back,position_name_Right Center Back,position_name_Right Center Forward,position_name_Right Center Midfield,position_name_Right Defensive Midfield,position_name_Right Midfield,position_name_Right Wing,position_name_Right Wing Back,position_name_Secondary Striker,position_name_nan,total_running_distance,stamina_start,stamina_end,substituted,true,pred,prob
15946,3501,58,2,43,1,1,2,1,52,5,4,0,0,0,0,0,0,0,0,0,0,0,46.0232,0,16,False,False,False,False,False,False,False,False,False,False,False,False,False,True,False,False,False,False,False,False,False,False,False,False,False,False,167.19999999999996,75.43255813953488,78.0139534883721,False,False,1,0.6
15946,5203,76,2,66,1,0,3,4,83,10,0,2,1,1,1,0,0,0,0,0,0,0,44.8542,0,16,False,False,True,False,False,False,False,False,False,False,False,False,False,False,False,False,False,False,False,False,False,False,False,False,False,False,142.09999999999997,67.16969696969697,68.18030303030302,True,False,1,0.6
15946,5211,109,8,94,1,1,1,1,128,6,3,0,1,0,1,1,0,0,0,0,0,0,46.3965,0,41,False,False,False,False,False,False,False,True,False,False,False,False,False,False,False,False,False,False,False,False,False,False,False,False,False,False,221.9,74.49574468085106,76.27978723404256,False,False,1,0.6
15946,5246,50,4,29,3,2,1,0,39,2,4,2,0,1,0,3,1,0,0,0,0,0,46.64535,0,10,False,False,False,True,False,False,False,False,False,False,False,False,False,False,False,False,False,False,False,False,False,False,False,False,False,False,104.0,89.46551724137932,90.27241379310344,False,False,1,0.8
15946,5470,130,5,112,0,0,5,2,138,7,2,1,0,2,2,1,1,0,0,0,0,0,46.46556666666667,0,37,False,False,True,False,False,False,False,False,False,False,False,False,False,False,False,False,False,False,False,False,False,False,False,False,False,False,268.5,66.61875,68.08035714285714,False,False,1,0.8
15946,5477,75,4,59,6,2,1,0,67,9,3,1,0,0,0,0,0,0,0,0,0,0,44.66801666666667,0,14,False,False,False,False,False,False,False,False,False,False,False,False,False,True,False,False,False,False,False,False,False,False,False,False,False,False,310.6000000000001,88.41016949152542,91.44067796610167,True,False,1,0.6
15946,5503,103,6,81,1,5,1,4,91,3,8,1,0,0,0,0,0,0,0,0,0,0,46.232283333333335,0,21,False,False,False,False,False,False,False,False,False,False,False,False,False,False,False,False,False,False,False,False,False,False,True,False,False,False,281.00000000000006,81.82962962962962,83.41481481481482,False,False,1,0.6
15946,6624,12,1,11,0,0,1,1,12,6,0,0,0,0,0,0,0,0,0,0,0,0,20.08615,0,10,False,False,False,False,False,False,False,False,False,True,False,False,False,False,False,False,False,False,False,False,False,False,False,False,False,False,16.700000000000017,58.11818181818182,58.618181818181824,False,False,1,0.6
15946,6629,4,5,6,0,0,0,0,26,0,0,0,0,0,0,0,0,0,27,0,0,0,45.674416666666666,0,9,False,False,False,False,False,True,False,False,False,False,False,False,False,False,False,False,False,False,False,False,False,False,False,False,False,False,43.1,6.699999999999999,13.883333333333333,False,False,1,0.6
15946,6855,11,0,11,0,0,1,0,16,13,0,3,1,0,0,0,7,0,0,0,0,0,46.643233333333335,0,6,False,False,False,False,False,False,False,False,True,False,False,False,False,False,False,False,False,False,False,False,False,False,False,False,False,False,37.100000000000016,29.027272727272724,30.25454545454545,False,True,0,0.2
15956,3109,1,0,1,0,0,0,0,1,1,1,0,0,0,0,0,0,0,0,0,0,0,5.16065,0,1,False,False,False,False,False,False,False,False,False,False,False,False,True,False,False,False,False,False,False,False,False,False,False,False,False,False,12.600000000000009,95.8,108.4,False,False,1,0.8
15956,5211,54,5,52,1,2,2,2,68,8,0,0,1,1,0,1,1,0,0,0,0,0,44.756366666666665,0,16,False,False,False,False,False,False,False,True,False,False,False,False,False,False,False,False,False,False,False,False,False,False,False,False,False,False,196.2,66.33653846153847,68.42115384615384,False,False,1,1.0
15956,6742,16,0,9,0,0,3,1,7,7,1,4,1,2,0,2,0,0,0,0,0,0,26.394116666666665,0,4,False,False,False,False,False,False,False,False,False,False,False,False,False,False,False,False,False,False,False,False,False,True,False,False,False,False,27.99999999999999,66.06666666666666,66.42222222222222,False,False,1,0.8
15956,7699,4,1,3,0,0,0,0,2,2,0,0,0,0,0,1,0,0,0,0,0,0,6.065066666666667,0,2,False,False,False,False,False,False,False,False,False,False,False,False,True,False,False,False,False,False,False,False,False,False,False,False,False,False,3.8000000000000114,109.0,108.2,False,False,1,1.0
15956,8206,11,2,9,0,0,0,0,11,5,0,0,0,1,0,2,0,0,0,0,0,0,16.66228333333333,0,8,False,False,False,False,False,False,False,False,False,False,False,False,False,False,False,False,False,False,False,False,False,True,False,False,False,False,2.200000000000003,41.48888888888889,41.73333333333333,False,False,1,0.6
15956,8419,16,0,10,0,2,1,0,7,3,0,0,0,0,0,1,0,0,0,0,0,0,21.17315,0,5,False,False,False,False,False,False,False,False,False,False,False,False,False,False,False,False,False,False,True,False,False,False,False,False,False,False,28.3,93.41,96.1,False,True,0,0.4
15956,11294,13,2,14,0,0,1,0,18,9,0,0,2,2,0,2,2,0,0,0,0,0,39.2321,0,2,False,False,True,False,False,False,False,False,False,False,False,False,False,False,False,False,False,False,False,False,False,False,False,False,False,False,27.8,46.385714285714286,47.71428571428572,True,False,1,0.6
15956,11298,48,6,41,0,1,7,0,55,12,0,1,1,1,0,2,1,0,0,0,0,0,47.53353333333334,0,17,False,False,False,False,False,False,False,True,False,False,False,False,False,False,False,False,False,False,False,False,False,False,False,False,False,False,177.80000000000004,58.900000000000006,62.71951219512195,False,False,1,0.8
15956,11300,43,6,43,2,2,5,3,46,25,2,5,2,2,0,1,0,0,0,0,0,0,48.5519,0,10,False,False,False,False,False,False,False,False,False,False,False,True,False,False,False,False,False,False,False,False,False,False,False,False,False,False,132.29999999999998,60.26744186046512,62.539534883720926,False,False,1,0.6
15956,11302,14,5,10,0,0,0,0,36,0,0,0,0,0,0,0,0,0,13,0,0,0,43.19693333333333,0,9,False,False,False,False,False,True,False,False,False,False,False,False,False,False,False,False,False,False,False,False,False,False,False,False,False,False,11.699999999999998,10.66,11.79,False,True,0,0.2
15956,11304,19,5,19,0,0,4,1,26,3,1,3,1,1,3,1,3,0,0,0,0,0,41.66211666666666,0,10,False,False,False,False,False,False,False,False,False,False,False,False,False,False,False,False,False,True,False,False,False,False,False,False,False,False,77.7,42.42631578947368,42.10526315789474,False,False,1,0.6
15973,3501,91,4,82,0,5,1,2,90,7,5,1,0,1,1,2,0,0,0,0,0,0,44.31743333333333,0,34,False,False,False,False,False,False,False,False,False,False,False,False,True,False,False,False,False,False,False,False,False,False,False,False,False,False,326.1,74.98536585365854,78.31585365853658,False,False,1,1.0
15973,5492,35,3,33,0,0,0,0,39,5,0,2,0,0,2,0,4,0,0,0,0,0,45.09555,0,7,False,False,False,False,False,False,False,False,True,False,False,False,False,False,False,False,False,False,False,False,False,False,False,False,False,False,138.19999999999996,47.90909090909091,50.15151515151515,True,False,1,0.8
15973,5503,95,4,74,1,2,1,3,86,8,7,2,0,2,0,3,0,0,0,0,0,0,44.968066666666665,0,23,False,False,False,False,False,False,False,False,False,False,False,False,False,False,False,False,False,False,True,False,False,False,False,False,False,False,229.7,82.98513513513512,85.01621621621621,False,True,0,0.4
15973,8206,27,2,18,0,0,1,0,25,6,2,0,0,1,0,0,0,0,0,0,0,0,19.0593,0,18,False,False,False,False,False,False,False,False,False,False,False,False,False,False,False,False,False,False,False,False,True,False,False,False,False,False,41.1,55.09444444444444,56.144444444444446,False,False,1,0.6
15973,11669,41,5,36,1,1,3,0,43,21,1,5,2,3,0,1,1,0,0,0,0,0,46.59155,0,10,False,False,False,False,False,False,False,False,False,False,False,True,False,False,False,False,False,False,False,False,False,False,False,False,False,False,61.09999999999998,53.59444444444444,54.10833333333333,False,False,1,0.6
15973,11672,15,0,11,3,1,4,0,13,17,1,0,0,0,2,0,0,0,0,0,0,0,45.00171666666667,0,1,False,False,False,False,False,False,False,False,False,False,False,False,False,False,False,False,False,False,True,False,False,False,False,False,False,False,47.99999999999999,69.86363636363636,72.22727272727273,True,False,1,1.0
15973,11677,18,3,19,1,0,4,1,26,9,0,0,2,0,1,1,4,0,0,0,0,0,43.37875,0,6,False,False,False,False,False,False,False,False,False,False,False,False,False,False,False,False,True,False,False,False,False,False,False,False,False,False,56.29999999999998,55.163157894736834,56.83157894736842,False,False,1,1.0
15973,11678,8,2,5,0,0,0,1,9,6,1,0,0,0,1,0,0,0,0,0,0,0,18.35875,0,9,False,False,False,True,False,False,False,False,False,False,False,False,False,False,False,False,False,False,False,False,False,False,False,False,False,False,46.8,78.32000000000001,86.72,False,True,0,0.2
15973,20055,13,3,14,0,0,0,0,24,0,0,0,0,0,0,0,0,0,8,0,0,0,42.93988333333333,0,7,False,False,False,False,False,True,False,False,False,False,False,False,False,False,False,False,False,False,False,False,False,False,False,False,False,False,20.0,13.771428571428572,15.042857142857144,False,False,1,1.0
15978,3042,7,1,8,1,0,2,0,6,5,1,1,0,0,0,0,0,0,0,0,0,0,10.266,0,6,False,False,False,False,False,False,False,False,False,False,False,True,False,False,False,False,False,False,False,False,False,False,False,False,False,False,14.700000000000005,64.7125,65.475,False,False,1,0.6
15978,3501,52,5,45,1,1,1,2,48,6,1,1,0,0,2,0,0,0,0,0,0,0,46.19975,0,8,False,False,False,False,False,False,False,False,False,False,False,False,False,True,False,False,False,False,False,False,False,False,False,False,False,False,138.20000000000007,70.53111111111112,73.00222222222222,False,False,1,0.6
15978,5211,49,6,47,0,1,2,1,65,8,0,3,1,0,2,0,1,0,0,0,0,0,47.41161666666667,0,13,False,False,False,False,False,False,False,True,False,False,False,False,False,False,False,False,False,False,False,False,False,False,False,False,False,False,113.7,66.77234042553192,66.65531914893617,False,False,1,0.6
15978,5470,103,6,97,1,0,1,1,119,13,1,2,0,0,1,0,0,0,0,0,0,0,47.3802,0,29,False,False,False,False,False,False,False,False,False,False,False,False,False,False,False,False,False,False,False,True,False,False,False,False,False,False,163.8,59.33298969072165,60.21134020618557,False,True,0,0.2
15978,5492,81,8,76,0,2,3,1,91,7,0,0,1,2,2,0,0,0,0,0,0,0,46.905433333333335,0,20,False,False,False,False,False,False,False,False,True,False,False,False,False,False,False,False,False,False,False,False,False,False,False,False,False,False,309.1,51.83157894736842,54.16710526315789,False,False,1,1.0
15978,6671,20,1,21,1,0,5,0,25,26,0,2,5,6,3,1,1,0,0,0,0,0,44.96918333333333,0,3,False,False,False,False,False,False,False,False,False,False,False,True,False,False,False,False,False,False,False,False,False,False,False,False,False,False,34.1,45.63809523809524,46.54761904761905,True,False,1,0.6
15978,6695,35,0,20,2,1,3,1,19,11,3,0,0,0,3,0,0,0,0,0,0,0,42.0664,0,5,False,False,False,False,False,False,False,False,False,True,False,False,False,False,False,False,False,False,False,False,False,False,False,False,False,False,62.29999999999999,69.115,69.72999999999999,False,False,1,0.8
15978,8206,7,1,7,0,0,2,0,8,6,0,1,0,0,0,0,1,0,0,0,0,0,14.388783333333333,0,8,False,False,False,False,False,False,False,False,False,False,True,False,False,False,False,False,False,False,False,False,False,False,False,False,False,False,1.1999999999999955,54.42857142857143,54.48571428571429,False,False,1,0.6
15978,20055,21,5,22,0,0,0,0,32,0,0,0,0,0,0,0,0,0,8,0,0,0,47.074666666666666,0,10,False,False,False,False,False,True,False,False,False,False,False,False,False,False,False,False,False,False,False,False,False,False,False,False,False,False,25.0,11.577272727272728,12.586363636363636,False,False,1,0.8
15986,5211,51,2,43,0,0,4,0,64,12,0,1,1,1,1,1,3,0,0,0,0,0,46.369816666666665,0,28,False,False,False,False,False,False,False,True,False,False,False,False,False,False,False,False,False,False,False,False,False,False,False,False,False,False,158.89999999999995,60.65581395348837,63.760465116279065,False,False,1,1.0
15986,5477,28,1,24,2,2,0,0,23,7,1,0,0,0,2,4,0,0,0,0,0,0,47.67955,0,6,False,False,False,False,False,False,False,False,False,False,False,False,False,True,False,False,False,False,False,False,False,False,False,False,False,False,111.59999999999997,76.32083333333334,80.4375,True,False,1,0.6
15986,6374,87,7,86,1,2,1,3,95,16,0,2,0,1,1,0,0,0,0,0,0,0,46.54598333333333,0,19,False,False,False,False,False,False,False,False,False,False,False,False,False,False,False,False,True,False,False,False,False,False,False,False,False,False,215.3,74.13488372093023,75.28255813953488,False,False,1,1.0
15986,6560,36,2,30,0,1,0,1,44,29,1,1,0,2,3,1,1,0,0,0,0,0,46.04898333333333,0,13,False,False,False,False,False,False,False,False,False,False,False,False,False,False,True,False,False,False,False,False,False,False,False,False,False,False,87.3,55.940000000000005,57.31,False,True,0,0.0
15986,6565,38,1,28,0,1,2,1,42,26,0,4,3,1,1,1,3,0,0,0,0,0,48.05003333333333,0,9,False,False,False,False,False,False,False,False,False,False,False,False,False,False,False,False,False,False,False,True,False,False,False,False,False,False,78.70000000000002,56.94285714285714,59.660714285714285,False,False,1,1.0
15986,6567,27,0,25,2,0,2,0,24,14,0,0,0,1,2,0,3,0,0,0,0,0,46.513533333333335,0,7,False,False,False,False,False,False,False,False,False,False,True,False,False,False,False,False,False,False,False,False,False,False,False,False,False,False,51.499999999999964,56.504,57.668,False,False,1,1.0
15986,6573,20,1,19,0,0,2,0,28,12,1,5,1,3,2,0,4,0,0,0,0,0,47.30041666666667,0,9,False,True,False,False,False,False,False,False,False,False,False,False,False,False,False,False,False,False,False,False,False,False,False,False,False,False,44.5,36.55789473684211,37.33157894736842,False,False,1,0.6
15986,6574,9,3,8,1,0,1,2,9,8,0,0,0,0,0,0,0,0,0,0,0,0,18.96225,0,8,False,False,True,False,False,False,False,False,False,False,False,False,False,False,False,False,False,False,False,False,False,False,False,False,False,False,40.3,53.9,55.5125,False,False,1,0.6
15986,6785,7,5,8,0,0,0,0,27,0,0,0,0,0,0,0,0,0,23,0,0,0,45.32481666666667,0,10,False,False,False,False,False,True,False,False,False,False,False,False,False,False,False,False,False,False,False,False,False,False,False,False,False,False,19.500000000000004,9.425,11.1875,False,False,1,1.0
15986,8206,64,0,52,2,1,2,1,64,15,0,0,0,1,0,0,1,0,0,0,0,0,47.755116666666666,0,11,False,False,False,False,False,False,False,False,False,False,False,False,False,False,False,False,False,False,False,True,False,False,False,False,False,False,115.2,73.19807692307693,73.72884615384615,True,False,1,0.6
15986,20055,13,4,15,0,0,0,0,23,0,0,0,1,0,0,0,0,0,8,1,0,0,40.82305,0,10,False,False,False,False,False,True,False,False,False,False,False,False,False,False,False,False,False,False,False,False,False,False,False,False,False,False,30.4,9.526666666666667,11.446666666666664,False,False,1,1.0
15998,5203,102,3,97,1,1,7,3,113,23,1,2,6,0,0,0,1,0,0,0,0,0,47.967866666666666,0,34,False,False,True,False,False,False,False,False,False,False,False,False,False,False,False,False,False,False,False,False,False,False,False,False,False,False,273.6,60.98969072164948,62.8,False,False,1,1.0
15998,5503,92,1,90,3,10,0,3,77,5,2,0,2,2,0,4,0,0,0,0,0,0,46.68533333333333,0,18,False,False,False,False,False,False,False,False,False,False,False,False,False,False,False,False,False,False,False,False,False,False,True,False,False,False,274.8,77.47777777777777,78.99777777777778,False,False,1,1.0
15998,6301,63,0,23,4,5,6,2,18,36,4,1,2,4,0,4,0,0,0,0,0,0,46.237316666666665,0,6,False,False,False,True,False,False,False,False,False,False,False,False,False,False,False,False,False,False,False,False,False,False,False,False,False,False,176.1,73.26086956521739,78.5695652173913,False,False,1,0.6
15998,6599,15,10,23,0,1,3,0,32,25,0,2,3,4,0,1,0,0,0,1,0,0,45.55425,0,6,False,False,False,False,False,False,False,False,False,False,True,False,False,False,False,False,False,False,False,False,False,False,False,False,False,False,50.0,52.08695652173913,51.04347826086956,False,True,0,0.4
15998,6601,13,2,14,1,0,3,2,23,12,0,1,2,0,0,1,3,1,0,0,0,0,43.62793333333333,0,8,False,False,False,False,False,False,False,False,True,False,False,False,False,False,False,False,False,False,False,False,False,False,False,False,False,False,37.0,42.42857142857143,44.21428571428572,False,False,1,0.6
15998,6608,23,2,19,0,2,1,2,14,28,1,1,1,1,0,1,0,0,0,0,0,0,42.74721666666667,0,8,False,False,False,False,False,False,False,False,False,False,False,False,False,False,False,False,False,False,False,False,False,False,True,False,False,False,43.0,66.73684210526316,68.26315789473684,True,True,0,0.0
15998,16212,29,4,28,2,6,3,0,26,42,2,1,2,1,1,1,0,0,0,0,0,0,43.96973333333334,0,4,False,False,False,False,False,False,False,False,False,False,False,False,False,True,False,False,False,False,False,False,False,False,False,False,False,False,182.8,73.46428571428571,78.35000000000001,True,False,1,1.0
15998,17818,14,1,11,0,0,2,1,20,5,0,1,1,0,0,0,5,0,0,0,0,0,44.72746666666667,0,8,False,False,False,False,False,False,False,False,False,False,False,False,False,False,False,False,False,True,False,False,False,False,False,False,False,False,21.0,42.90909090909091,43.18181818181818,False,False,1,0.8
15998,20055,20,9,26,0,0,0,1,37,0,0,0,0,0,0,0,0,0,9,0,0,0,46.93168333333333,0,13,False,False,False,False,False,True,False,False,False,False,False,False,False,False,False,False,False,False,False,False,False,False,False,False,False,False,59.0,11.653846153846152,13.923076923076923,False,False,1,0.8
16010,5203,29,5,28,1,0,3,3,41,12,0,1,0,2,0,1,0,0,0,0,0,0,40.1481,0,18,False,False,False,False,False,False,False,False,False,False,False,False,False,False,False,False,False,False,False,False,True,False,False,False,False,False,130.5,60.68928571428571,62.26428571428572,False,True,0,0.2
16010,5211,56,6,51,1,1,3,0,72,11,0,1,0,1,4,1,2,0,0,0,0,0,45.90213333333334,0,21,False,False,False,False,False,False,False,True,False,False,False,False,False,False,False,False,False,False,False,False,False,False,False,False,False,False,203.1,59.931372549019606,61.423529411764704,False,False,1,0.8
16010,5213,63,8,67,1,1,3,0,81,4,0,2,2,1,4,0,6,0,0,0,0,0,47.93598333333333,0,32,False,False,False,False,False,False,False,False,False,False,False,False,False,False,False,False,False,True,False,False,False,False,False,False,False,False,447.2000000000001,49.19253731343284,55.20746268656717,False,False,1,0.8
16010,5470,90,6,80,2,0,2,1,96,9,3,2,0,1,3,2,1,0,0,0,0,0,48.02833333333333,0,33,False,False,False,False,False,False,False,False,False,False,False,True,False,False,False,False,False,False,False,False,False,False,False,False,False,False,382.6,65.83624999999999,68.58875,False,False,1,0.8
16010,6379,36,2,36,0,1,2,3,39,5,0,0,0,1,1,0,1,0,0,0,0,0,45.12525,0,12,False,False,True,False,False,False,False,False,False,False,False,False,False,False,False,False,False,False,False,False,False,False,False,False,False,False,131.79999999999998,53.013888888888886,55.730555555555554,True,False,1,1.0
16010,6775,24,10,28,3,0,5,2,34,16,0,2,2,5,2,0,3,0,0,0,0,0,45.74836666666667,0,8,False,False,False,False,False,False,False,False,False,False,False,False,False,False,False,False,False,False,False,False,True,False,False,False,False,False,48.400000000000006,60.371428571428574,60.142857142857146,False,False,1,1.0
16010,6789,17,2,10,0,0,4,0,23,15,1,0,2,4,0,2,5,0,0,0,0,0,47.86096666666666,0,5,False,False,False,False,False,False,False,True,False,False,False,False,False,False,False,False,False,False,False,False,False,False,False,False,False,False,45.3,59.49,62.4,False,False,1,1.0
16010,6826,57,2,57,1,1,6,3,70,9,0,0,1,0,2,1,4,0,0,0,0,0,46.24746666666667,0,23,False,False,False,False,False,False,False,False,True,False,False,False,False,False,False,False,False,False,False,False,False,False,False,False,False,False,280.7,42.13333333333333,45.194736842105264,False,False,1,0.8
16010,11744,5,1,7,0,0,3,0,13,10,0,3,0,1,4,0,5,0,0,0,0,0,43.72431666666667,0,8,False,False,False,False,False,False,False,False,True,False,False,False,False,False,False,False,False,False,False,False,False,False,False,False,False,False,37.400000000000006,29.928571428571427,33.1,False,False,1,0.6
16023,4367,4,0,4,0,1,0,0,4,0,0,0,0,0,0,0,0,0,0,0,2,0,10.3289,0,4,False,False,False,False,False,False,False,False,False,False,False,False,True,False,False,False,False,False,False,False,False,False,False,False,False,False,50.400000000000006,99.775,105.375,True,False,1,0.8
16023,5246,50,2,44,3,2,2,0,37,9,2,0,0,1,1,4,1,0,0,0,0,0,45.51455,0,15,False,False,False,True,False,False,False,False,False,False,False,False,False,False,False,False,False,False,False,False,False,False,False,False,False,False,114.89999999999998,88.10227272727273,89.06818181818181,False,False,1,1.0
16023,5470,112,9,115,2,1,2,2,124,5,0,1,1,0,1,1,0,0,0,0,0,0,46.49173333333333,0,41,False,False,False,False,False,False,False,False,False,False,False,False,False,False,False,False,False,False,False,True,False,False,False,False,False,False,395.0000000000001,66.15130434782608,68.50782608695651,False,True,0,0.0
16023,6401,26,2,15,0,2,2,0,19,14,1,2,0,0,0,0,0,0,0,0,0,0,44.95448333333333,0,4,False,False,False,False,False,False,False,False,False,True,False,False,False,False,False,False,False,False,False,False,False,False,False,False,False,False,109.99999999999996,73.57333333333332,79.18666666666667,True,False,1,1.0
16023,6589,25,7,26,0,0,1,0,33,20,1,1,2,3,4,0,0,0,0,0,0,0,42.32553333333333,0,11,False,False,False,False,False,False,False,False,False,False,False,True,False,False,False,False,False,False,False,False,False,False,False,False,False,False,103.19999999999996,50.857692307692304,53.68076923076923,True,True,0,0.2
16023,6746,15,2,14,1,0,3,1,21,8,0,2,1,0,3,0,6,0,0,0,0,0,45.43486666666667,0,3,False,False,False,False,False,False,False,False,True,False,False,False,False,False,False,False,False,False,False,False,False,False,False,False,False,False,48.3,40.52857142857143,40.96428571428572,False,False,1,1.0
16029,3501,57,0,43,3,3,1,3,40,14,5,2,0,0,1,3,0,0,0,0,0,0,46.7759,0,15,False,False,False,False,False,False,False,False,False,False,False,False,False,True,False,False,False,False,False,False,False,False,False,False,False,False,202.0,70.76744186046511,75.09767441860464,False,False,1,0.8
16029,5218,42,2,20,1,2,2,0,24,19,1,2,0,1,0,3,2,0,0,0,0,0,47.36285,0,7,False,False,False,False,False,False,False,False,False,False,False,False,False,False,False,False,False,False,True,False,False,False,False,False,False,False,131.0,78.0,84.45,True,False,1,0.6
16029,5246,49,2,40,2,3,1,3,34,14,7,3,0,1,0,4,1,0,0,0,0,0,46.88605,0,10,False,False,False,True,False,False,False,False,False,False,False,False,False,False,False,False,False,False,False,False,False,False,False,False,False,False,114.9,79.85,82.02250000000001,True,False,1,0.6
16029,5470,55,5,45,1,1,4,2,51,17,4,1,4,3,0,0,3,0,0,0,0,0,47.8279,0,21,False,False,False,False,False,False,False,False,False,False,False,False,False,False,False,False,False,False,False,True,False,False,False,False,False,False,157.1,62.355555555555554,65.04666666666667,False,False,1,0.6
16029,5504,69,5,67,0,1,1,2,83,12,1,1,2,2,2,1,0,0,0,0,0,0,47.53123333333333,0,22,False,False,False,False,False,False,True,False,False,False,False,False,False,False,False,False,False,False,False,False,False,False,False,False,False,False,279.0,56.791044776119406,59.19402985074627,False,False,1,0.6
16029,5742,7,1,7,0,1,2,0,11,3,0,0,1,0,0,0,2,0,0,0,0,0,37.09758333333333,0,2,False,False,False,False,False,False,False,False,False,False,False,False,False,False,False,False,False,True,False,False,False,False,False,False,False,False,22.0,57.57142857142857,60.142857142857146,False,False,1,0.8
16029,6334,6,0,5,1,1,1,0,2,6,2,1,1,1,0,1,0,0,0,0,0,0,14.7452,0,2,False,False,False,False,False,False,False,False,False,False,False,False,False,False,False,False,False,False,True,False,False,False,False,False,False,False,62.1,84.6,97.02,False,False,1,1.0
16029,6719,35,5,30,1,3,5,2,31,19,3,0,2,2,0,1,0,0,0,0,0,0,45.95146666666667,0,6,False,False,False,False,False,False,True,False,False,False,False,False,False,False,False,False,False,False,False,False,False,False,False,False,False,False,181.2,63.1,68.07333333333334,True,False,1,0.8
16029,6720,52,5,34,2,1,4,1,38,25,4,0,1,3,2,3,0,0,0,0,0,1,47.34496666666666,0,8,False,False,False,False,False,False,False,False,False,False,False,False,False,False,False,True,False,False,False,False,False,False,False,False,False,False,182.2,82.05882352941177,86.06470588235294,False,True,0,0.4
16029,6804,30,3,29,0,0,7,0,43,10,0,2,2,1,0,0,0,0,0,0,0,0,47.63045,0,10,False,False,False,False,False,False,False,False,True,False,False,False,False,False,False,False,False,False,False,False,False,False,False,False,False,False,116.0,49.310344827586206,49.51724137931034,False,False,1,0.8
16029,6826,34,0,33,1,0,6,0,42,6,1,3,2,0,1,0,4,0,0,0,0,0,47.67823333333333,0,10,False,False,False,False,False,False,False,False,True,False,False,False,False,False,False,False,False,False,False,False,False,False,False,False,False,False,127.0,31.939393939393938,34.03030303030303,False,False,1,0.6
16029,20055,16,3,18,0,0,0,0,31,0,0,0,0,0,0,0,0,0,20,0,2,0,46.07468333333334,0,11,False,False,False,False,False,True,False,False,False,False,False,False,False,False,False,False,False,False,False,False,False,False,False,False,False,False,32.0,10.833333333333334,11.38888888888889,False,False,1,0.6
16056,5213,40,3,31,0,0,7,1,56,11,2,4,0,0,0,0,1,0,0,0,0,0,49.72263333333333,0,12,False,False,False,False,False,False,False,False,False,False,False,False,False,False,False,False,False,True,False,False,False,False,False,False,False,False,147.5,37.84516129032258,40.86129032258064,False,False,1,0.8
16056,5214,45,8,44,4,1,1,0,51,1,0,1,0,0,0,0,1,0,0,0,0,0,48.26253333333333,0,12,False,False,False,False,False,False,False,False,False,False,False,True,False,False,False,False,False,False,False,False,False,False,False,False,False,False,189.1,57.97272727272728,59.5840909090909,False,False,1,0.6
16056,5246,47,1,31,3,2,0,0,35,11,3,2,0,0,0,7,1,0,0,0,0,0,49.80426666666666,0,11,False,False,False,True,False,False,False,False,False,False,False,False,False,False,False,False,False,False,False,False,False,False,False,False,False,False,183.6,78.07741935483871,83.51612903225806,False,False,1,1.0
16056,5470,54,4,50,1,1,4,2,63,12,0,0,3,2,2,0,0,0,0,0,0,0,44.75023333333333,0,21,False,False,True,False,False,False,False,False,False,False,False,False,False,False,False,False,False,False,False,False,False,False,False,False,False,False,211.3,62.558,65.332,False,False,1,0.6
16056,6379,46,3,40,0,0,0,0,56,9,1,1,0,1,2,2,3,0,0,1,0,0,49.61723333333334,0,19,False,False,False,False,False,False,False,False,False,False,False,False,False,False,False,False,True,False,False,False,False,False,False,False,False,False,138.29999999999998,63.3325,65.63,False,False,1,1.0
16056,6657,7,2,6,0,1,1,1,7,1,0,0,0,0,0,0,1,0,0,0,0,0,18.51928333333333,0,6,False,False,False,True,False,False,False,False,False,False,False,False,False,False,False,False,False,False,False,False,False,False,False,False,False,False,12.600000000000016,71.71666666666667,73.68333333333334,False,False,1,1.0
16056,6777,26,5,25,0,0,4,0,35,13,0,1,0,1,1,0,7,0,0,0,0,0,48.78046666666667,0,11,False,False,False,False,False,False,False,False,True,False,False,False,False,False,False,False,False,False,False,False,False,False,False,False,False,False,114.9,36.132,36.784,False,False,1,0.8
16056,7068,20,0,16,0,1,7,1,31,19,0,3,5,2,5,1,8,0,0,0,0,0,44.2479,0,13,False,True,False,False,False,False,False,False,False,False,False,False,False,False,False,False,False,False,False,False,False,False,False,False,False,False,77.70000000000002,37.45,42.06875,False,True,0,0.0
16056,8206,27,0,16,0,0,5,0,17,18,2,3,0,1,0,2,0,0,0,0,0,0,49.547066666666666,0,7,False,False,False,False,False,False,False,False,False,False,False,True,False,False,False,False,False,False,False,False,False,False,False,False,False,False,52.800000000000026,79.55625,82.50625,False,False,1,0.6
16073,3245,31,6,28,1,3,2,0,26,40,1,1,3,1,1,0,1,0,0,0,0,0,45.2337,0,5,False,False,False,False,False,False,False,False,False,False,False,False,True,False,False,False,False,False,False,False,False,False,False,False,False,False,112.8,73.60714285714286,75.27857142857144,True,False,1,0.8
16073,5246,48,4,27,1,6,0,4,31,13,0,0,0,0,0,4,4,0,0,0,0,0,48.41916666666667,0,5,False,False,False,False,False,False,False,False,False,True,False,False,False,False,False,False,False,False,False,False,False,False,False,False,False,False,117.0,89.48148148148148,92.92592592592592,False,False,1,0.8
16073,5492,60,4,59,0,2,2,2,67,6,0,0,1,0,1,0,4,0,0,0,0,0,48.821583333333336,0,9,False,False,False,False,False,False,False,False,True,False,False,False,False,False,False,False,False,False,False,False,False,False,False,False,False,False,236.0,48.25423728813559,51.440677966101696,False,False,1,1.0
16073,5696,26,4,27,0,1,0,0,36,3,0,0,1,1,0,0,5,0,0,0,0,0,45.999633333333335,0,17,False,False,False,False,False,False,False,False,False,False,False,False,False,False,False,False,True,False,False,False,False,False,False,False,False,False,152.0,59.92592592592592,62.81481481481482,False,False,1,0.8
16073,6379,42,2,40,2,0,0,3,43,12,0,3,1,1,1,0,0,0,0,0,0,0,43.3288,0,6,False,False,False,False,False,False,False,False,False,False,False,False,False,False,False,False,False,False,False,False,False,True,False,False,False,False,145.0,67.45,69.475,True,False,1,0.6
16073,6381,25,1,20,0,3,1,1,17,38,0,4,4,0,3,4,3,0,0,0,0,0,48.541900000000005,0,9,False,False,False,False,False,False,False,False,False,False,False,False,False,False,False,False,False,False,False,False,False,True,False,False,False,False,51.0,59.3,60.55,False,False,1,0.6
16073,6765,42,4,45,1,0,6,1,49,22,0,5,2,6,2,0,2,0,0,0,0,0,48.801233333333336,0,21,False,False,False,False,False,False,False,False,False,False,False,False,False,False,False,False,False,False,False,True,False,False,False,False,False,False,118.0,58.0,58.4,False,True,0,0.2
16073,6841,16,1,14,1,1,0,2,10,6,0,2,0,0,1,0,2,0,0,0,0,0,29.26455,0,7,False,False,False,False,False,False,False,False,False,False,False,False,True,False,False,False,False,False,False,False,False,False,False,False,False,False,44.0,85.64285714285714,86.21428571428571,False,False,1,0.8
16073,11392,69,7,71,2,3,1,2,76,18,1,0,0,1,0,0,0,0,0,0,0,0,45.812016666666665,0,11,False,False,False,False,False,False,False,False,False,False,True,False,False,False,False,False,False,False,False,False,False,False,False,False,False,False,188.0,61.647887323943664,62.29577464788732,True,False,1,0.8
16073,20055,21,3,24,0,0,0,0,29,0,0,0,0,0,0,0,0,0,4,0,0,0,48.6545,0,10,False,False,False,False,False,True,False,False,False,False,False,False,False,False,False,False,False,False,False,False,False,False,False,False,False,False,41.0,12.875,14.5,False,True,0,0.2
16079,3501,62,4,60,4,6,1,4,63,4,1,0,0,0,0,0,0,0,0,0,0,1,44.088,0,13,False,False,False,False,False,False,False,False,False,False,False,False,True,False,False,False,False,False,False,False,False,False,False,False,False,False,247.0,74.89833333333333,76.24833333333332,True,False,1,0.8
16079,3551,2,1,2,0,0,0,0,3,1,0,0,0,0,0,0,0,0,0,0,0,0,12.148733333333332,0,3,False,False,False,True,False,False,False,False,False,False,False,False,False,False,False,False,False,False,False,False,False,False,False,False,False,False,15.599999999999994,82.4,88.30000000000001,False,True,0,0.2
16079,5470,105,1,88,0,1,1,2,106,13,1,0,0,0,4,0,1,0,0,0,0,0,47.78801666666666,0,23,False,False,False,False,False,False,False,False,False,False,False,False,False,False,False,False,False,False,False,True,False,False,False,False,False,False,267.0,63.11590909090909,65.2,False,False,1,1.0
16079,5477,82,11,81,2,5,1,2,85,9,3,2,0,1,0,1,0,0,0,0,0,0,46.216166666666666,0,24,False,False,False,False,False,False,False,False,False,False,False,False,False,False,False,False,False,False,False,False,False,True,False,False,False,False,486.5,76.02345679012345,81.08395061728395,False,True,0,0.0
16079,6374,67,3,61,1,0,2,0,75,11,0,3,1,1,1,0,1,0,0,0,0,0,47.35291666666667,0,13,False,False,False,False,False,False,False,False,False,False,False,False,False,False,False,False,True,False,False,False,False,False,False,False,False,False,264.8,64.23934426229508,67.57704918032786,False,False,1,1.0
16079,6752,40,0,34,0,0,2,0,46,3,0,3,0,1,0,0,5,0,0,0,0,0,46.24235,0,17,False,False,False,False,False,False,False,False,True,False,False,False,False,False,False,False,False,False,False,False,False,False,False,False,False,False,133.8,39.22058823529412,40.85,False,False,1,0.8
16079,6764,46,8,41,2,1,0,3,42,27,0,1,2,4,0,2,1,0,0,0,0,0,47.637683333333335,0,12,False,False,False,False,False,False,False,False,False,False,True,False,False,False,False,False,False,False,False,False,False,False,False,False,False,False,143.10000000000005,65.80243902439025,68.01463414634146,False,False,1,0.8
16079,6772,40,6,35,1,0,2,1,45,14,3,3,2,2,3,1,4,0,0,1,0,0,48.61438333333333,0,10,False,False,False,False,False,False,False,False,False,False,False,False,False,False,False,False,True,False,False,False,False,False,False,False,False,False,93.0,63.737142857142864,65.70285714285714,False,False,1,1.0
16086,5246,42,2,20,0,2,0,2,22,12,4,0,0,0,0,3,2,0,0,0,0,0,44.51631666666666,0,4,False,False,False,True,False,False,False,False,False,False,False,False,False,False,False,False,False,False,False,False,False,False,False,False,False,False,77.0,78.85,81.0,True,False,1,1.0
16086,5477,45,4,40,3,4,2,0,38,13,2,0,1,1,0,0,0,0,0,0,0,0,44.14931666666666,0,5,False,False,False,False,False,False,False,False,False,False,False,False,False,True,False,False,False,False,False,False,False,False,False,False,False,False,253.4,70.475,75.21000000000001,True,False,1,0.8
16086,5598,30,3,23,0,0,5,0,30,2,1,2,0,2,3,0,6,0,0,0,0,0,49.84895,0,7,False,False,False,False,False,False,False,False,True,False,False,False,False,False,False,False,False,False,False,False,False,False,False,False,False,False,54.0,38.04347826086956,39.43478260869565,False,False,1,0.8
16086,6758,47,2,41,0,1,3,3,55,33,2,1,8,6,1,1,0,0,0,0,0,0,48.86451666666667,0,11,False,False,False,False,False,False,False,False,False,False,False,False,False,True,False,False,False,False,False,False,False,False,False,False,False,False,174.0,71.51219512195122,73.3170731707317,False,False,1,1.0
16086,6791,34,5,36,1,1,3,0,48,10,0,3,0,0,5,1,1,0,0,0,0,0,50.08331666666666,0,12,False,False,False,False,False,False,False,False,False,False,False,False,False,False,False,False,True,False,False,False,False,False,False,False,False,False,211.0,61.16666666666666,64.75,False,True,0,0.4
16086,6826,52,0,47,0,0,3,1,59,9,0,2,1,0,0,0,0,0,0,0,0,0,48.68143333333333,0,9,False,False,False,False,False,False,False,False,True,False,False,False,False,False,False,False,False,False,False,False,False,False,False,False,False,False,89.0,32.297872340425535,33.297872340425535,False,True,0,0.4
16086,6838,38,2,24,2,2,1,0,22,18,3,0,2,0,0,2,1,0,0,0,0,0,43.57608333333334,0,2,False,False,False,False,False,False,False,False,False,False,False,False,False,False,False,False,False,False,False,False,False,False,True,False,False,False,166.1,77.58333333333333,82.75416666666666,True,False,1,0.8
16086,8206,56,5,41,0,1,5,0,55,28,1,3,0,5,1,0,2,0,0,0,0,0,50.18995,0,9,False,False,False,False,False,False,False,False,False,False,True,False,False,False,False,False,False,False,False,False,False,False,False,False,False,False,114.0,53.31707317073171,52.97560975609756,False,False,1,0.6
16086,11391,43,4,27,3,2,3,0,27,16,3,0,0,2,0,0,2,0,0,0,0,0,48.95881666666666,0,7,False,False,False,True,False,False,False,False,False,False,False,False,False,False,False,False,False,False,False,False,False,False,False,False,False,False,87.1,87.48148148148148,86.92222222222223,False,False,1,1.0
16086,20055,18,4,18,0,0,0,0,35,0,0,0,0,0,0,0,0,0,16,0,0,0,47.59721666666667,0,14,False,False,False,False,False,True,False,False,False,False,False,False,False,False,False,False,False,False,False,False,False,False,False,False,False,False,25.0,8.944444444444445,10.22222222222222,False,False,1,0.8
16095,3501,14,0,15,1,1,0,0,12,4,1,2,2,0,0,0,0,0,0,0,0,0,12.61855,0,12,False,False,False,False,False,False,False,False,False,False,True,False,False,False,False,False,False,False,False,False,False,False,False,False,False,False,89.5,60.62,66.53333333333333,False,False,1,1.0
16095,5213,45,3,44,0,1,2,0,60,5,1,2,0,0,4,0,5,0,0,0,0,0,45.5814,0,18,False,True,False,False,False,False,False,False,False,False,False,False,False,False,False,False,False,False,False,False,False,False,False,False,False,False,167.20000000000002,34.945454545454545,38.03636363636363,False,False,1,1.0
16095,5246,35,1,29,2,3,0,1,26,5,3,2,0,0,1,2,2,0,0,1,0,0,44.2657,0,4,False,False,False,True,False,False,False,False,False,False,False,False,False,False,False,False,False,False,False,False,False,False,False,False,False,False,182.4,77.5758620689655,82.96206896551725,False,False,1,0.8
16095,5470,56,2,51,0,0,0,1,63,9,1,1,0,2,2,0,1,0,0,0,0,0,43.78996666666667,0,15,False,False,False,False,False,False,False,False,False,False,False,False,False,False,False,False,False,True,False,False,False,False,False,False,False,False,107.29999999999998,50.16666666666666,50.94509803921568,False,False,1,0.8
16095,5477,41,1,46,3,4,3,2,40,16,0,2,0,1,1,2,0,0,0,0,0,0,40.97441666666667,0,14,False,False,False,False,False,False,False,False,False,False,False,False,False,False,False,False,False,False,False,False,False,False,False,True,False,False,398.1,62.97391304347826,71.03260869565217,True,False,1,0.8
16095,6609,6,1,7,0,1,0,0,7,2,1,1,0,0,0,0,1,0,0,0,0,0,10.796733333333332,0,7,False,False,False,False,False,False,False,False,False,False,False,False,False,False,False,False,False,False,False,False,False,False,False,True,False,False,25.3,65.98571428571428,65.2,False,False,1,0.6
16095,6688,58,12,57,0,3,2,1,68,12,3,0,0,2,1,0,0,0,0,0,0,0,44.91118333333333,0,19,False,False,False,False,False,False,False,False,False,False,False,True,False,False,False,False,False,False,False,False,False,False,False,False,False,False,307.1,55.32105263157895,59.49473684210526,False,False,1,0.8
16095,21147,13,0,7,1,0,3,0,6,4,1,0,0,0,0,0,0,0,0,0,0,0,29.560866666666666,0,4,False,False,False,True,False,False,False,False,False,False,False,False,False,False,False,False,False,False,False,False,False,False,False,False,False,False,35.000000000000014,86.10000000000001,90.15714285714286,False,False,1,1.0
16109,3501,16,1,11,0,1,0,2,11,10,1,0,1,1,0,0,0,0,0,0,0,0,24.35608333333333,0,3,False,False,False,False,False,False,False,False,False,False,False,False,False,True,False,False,False,False,False,False,False,False,False,False,False,False,29.9,64.92727272727274,66.5,False,False,1,0.6
16109,5213,58,5,58,0,0,1,2,63,3,0,1,2,0,2,1,4,0,0,0,0,0,47.99881666666667,0,15,False,False,False,False,False,False,False,False,False,False,False,False,False,False,False,False,False,True,False,False,False,False,False,False,False,False,261.5,32.293103448275865,34.4051724137931,False,False,1,1.0
16109,5477,35,4,30,3,3,0,1,27,6,1,0,1,0,0,1,1,0,0,0,1,0,42.650650000000006,0,6,False,False,False,False,False,False,False,False,False,False,False,False,False,True,False,False,False,False,False,False,False,False,False,False,False,False,143.20000000000007,81.83666666666666,84.13000000000001,True,False,1,0.6
16109,5503,54,3,45,4,10,0,0,45,10,3,1,0,2,1,0,0,0,0,0,0,0,46.29363333333333,0,12,False,False,False,False,False,False,False,False,False,False,False,False,False,False,False,False,False,False,False,False,False,False,True,False,False,False,298.9,77.3711111111111,81.45777777777778,False,False,1,0.6
16109,5516,20,2,21,1,0,0,0,20,5,0,1,0,1,0,1,0,0,0,0,0,0,16.474483333333335,0,17,False,False,False,False,False,False,False,False,False,False,False,False,False,True,False,False,False,False,False,False,False,False,False,False,False,False,90.49999999999996,82.66190476190476,85.4,False,False,1,1.0
16109,6799,43,7,47,3,2,3,5,42,16,2,2,1,5,1,3,0,0,0,0,0,0,47.49556666666667,0,12,False,False,False,False,False,False,False,False,False,False,False,False,False,False,False,False,False,False,False,False,False,False,True,False,False,False,144.79999999999995,64.46808510638297,66.82978723404256,False,False,1,0.6
16109,8206,33,4,25,0,0,1,1,36,14,0,1,0,2,2,1,2,0,0,0,0,0,47.2759,0,10,False,False,False,False,False,False,False,False,False,False,False,False,False,False,False,False,False,False,False,True,False,False,False,False,False,False,46.99999999999999,67.256,67.288,True,False,1,1.0
16109,12555,16,2,15,0,0,2,0,17,8,0,0,0,0,0,0,2,0,0,0,0,0,46.54153333333333,0,4,False,False,False,False,False,False,False,False,False,False,False,False,False,False,False,False,False,False,False,False,True,False,False,False,False,False,53.50000000000001,46.35333333333333,49.2,True,False,1,1.0
16109,13599,6,1,5,1,0,0,0,6,3,0,0,0,0,0,0,0,0,0,0,0,0,6.165516666666666,0,6,False,False,False,False,False,False,False,False,False,False,False,False,False,False,False,False,False,False,False,True,False,False,False,False,False,False,6.8000000000000025,47.22,46.94,False,False,1,1.0
16109,17804,31,2,28,0,0,1,0,33,5,0,2,0,0,3,0,2,0,0,0,0,0,47.648316666666666,0,12,False,False,False,False,False,False,False,False,True,False,False,False,False,False,False,False,False,False,False,False,False,False,False,False,False,False,57.5,30.092857142857145,30.917857142857144,False,False,1,1.0
16120,4712,10,1,6,0,1,0,0,9,4,0,0,0,0,0,1,0,0,0,0,0,0,17.8048,0,8,False,False,False,False,False,False,False,False,False,False,False,False,True,False,False,False,False,False,False,False,False,False,False,False,False,False,33.0,73.66666666666667,72.16666666666667,False,False,1,0.8
16120,5211,80,5,74,2,1,4,0,90,16,0,4,0,2,0,3,2,0,0,0,0,0,47.37653333333333,0,25,False,False,False,False,False,False,False,True,False,False,False,False,False,False,False,False,False,False,False,False,False,False,False,False,False,False,159.0,62.86486486486486,63.68918918918919,False,True,0,0.2
16120,5470,75,7,76,0,0,2,3,89,5,0,2,1,0,0,0,1,0,0,0,0,0,47.3034,0,25,False,False,False,False,False,False,False,False,False,False,False,False,False,False,False,False,False,False,False,True,False,False,False,False,False,False,233.0,41.03947368421053,42.8421052631579,False,False,1,1.0
16120,5477,59,1,49,0,8,1,1,52,14,0,1,1,2,0,2,0,0,0,0,0,0,44.8887,0,16,False,False,False,False,False,False,False,False,False,False,False,False,False,True,False,False,False,False,False,False,False,False,False,False,False,False,309.0,70.06122448979592,73.26530612244898,True,False,1,1.0
16120,5503,68,6,63,2,5,0,6,61,8,7,2,2,0,0,0,0,0,0,0,0,0,46.46006666666666,0,21,False,False,False,False,False,False,False,False,False,False,False,False,False,False,False,False,False,False,False,False,False,False,True,False,False,False,263.9,71.60317460317461,73.95079365079364,False,False,1,0.8
16120,6379,68,1,63,1,2,1,1,71,10,0,1,0,0,1,1,3,0,0,0,0,0,44.78331666666666,0,17,False,False,False,False,False,False,False,False,False,False,False,False,False,False,False,False,True,False,False,False,False,False,False,False,False,False,234.0,61.6031746031746,62.20634920634921,False,False,1,0.8
16120,6611,33,1,16,2,2,3,2,12,29,3,1,2,1,0,2,0,0,0,0,0,0,43.70026666666667,0,4,False,False,False,False,False,False,False,False,False,True,False,False,False,False,False,False,False,False,False,False,False,False,False,False,False,False,47.8,87.5,89.7375,True,False,1,0.6
16120,6627,20,6,20,1,1,3,3,32,21,0,1,1,4,0,0,5,0,0,0,0,0,46.836983333333336,0,12,False,False,False,False,False,False,False,False,False,False,False,False,False,False,False,False,True,False,False,False,False,False,False,False,False,False,62.0,53.2,55.2,False,False,1,0.8
16120,6635,8,0,4,0,0,0,1,16,11,1,2,2,2,0,1,3,0,0,0,0,0,46.3906,0,4,False,False,False,False,False,False,False,False,True,False,False,False,False,False,False,False,False,False,False,False,False,False,False,False,False,False,7.0,48.0,49.75,False,False,1,0.8
16120,6826,68,1,64,1,0,4,1,74,8,1,1,0,0,0,0,5,0,0,0,0,0,44.29238333333333,0,25,False,False,False,False,False,False,False,False,True,False,False,False,False,False,False,False,False,False,False,False,False,False,False,False,False,False,373.0,36.796875,41.78125,False,False,1,0.6
16120,6863,17,3,17,1,1,6,1,21,56,2,2,4,6,1,0,2,0,0,0,0,0,44.98565,0,6,False,False,False,False,False,False,False,False,False,False,False,True,False,False,False,False,False,False,False,False,False,False,False,False,False,False,45.0,60.88235294117647,62.0,False,False,1,0.6
16120,11392,115,3,103,0,2,1,5,114,7,0,0,0,1,1,0,0,0,0,0,0,0,44.4058,0,46,False,False,False,False,False,False,False,False,False,False,True,False,False,False,False,False,False,False,False,False,False,False,False,False,False,False,375.0,54.33009708737864,55.601941747572816,True,False,1,0.8
16120,18721,4,0,2,0,0,0,0,2,1,0,1,1,0,0,1,0,0,0,0,0,0,6.471383333333334,0,2,False,False,False,False,False,False,False,False,False,False,False,False,False,False,False,False,False,False,False,False,False,True,False,False,False,False,0.0,100.0,100.0,False,False,1,0.8
16131,3501,73,5,59,2,5,1,2,59,11,1,4,0,2,0,0,0,0,0,0,0,0,46.39761666666666,0,27,False,False,False,False,False,False,False,False,False,False,False,False,True,False,False,False,False,False,False,False,False,False,False,False,False,False,199.7,61.8728813559322,63.786440677966105,False,True,0,0.2
16131,5503,46,2,33,2,6,0,0,29,8,2,0,0,0,0,2,0,0,0,0,0,0,46.79728333333333,0,7,False,False,False,False,False,False,False,False,False,False,False,False,False,False,False,False,False,False,True,False,False,False,False,False,False,False,156.20000000000005,72.22121212121213,75.66969696969697,False,False,1,0.8
16131,6712,25,3,20,0,1,2,0,24,16,2,2,4,0,0,0,0,0,0,0,0,0,42.68358333333333,0,4,False,False,False,False,False,False,False,False,False,False,False,False,False,False,False,False,False,False,False,False,True,False,False,False,False,False,33.79999999999998,70.05,70.72999999999999,True,False,1,0.8
16131,7105,57,5,40,3,1,0,2,44,11,2,1,1,0,1,3,0,0,0,0,0,0,47.124766666666666,0,12,False,False,False,False,False,False,False,False,False,False,False,False,False,False,False,False,False,False,False,False,False,False,True,False,False,False,130.09999999999997,77.935,80.5525,False,False,1,0.8
16131,7907,16,3,16,0,0,1,1,29,6,1,0,0,1,1,0,4,0,0,0,0,0,44.94868333333333,0,7,False,False,False,False,False,False,False,False,True,False,False,False,False,False,False,False,False,False,False,False,False,False,False,False,False,False,83.09999999999998,44.94375,45.35,False,False,1,1.0
16131,10763,10,4,12,0,0,0,0,22,1,0,0,0,0,0,0,0,0,10,0,0,0,46.09565,0,6,False,False,False,False,False,True,False,False,False,False,False,False,False,False,False,False,False,False,False,False,False,False,False,False,False,False,35.8,13.525,15.975,False,False,1,0.8
16131,13108,6,0,3,0,0,1,0,5,4,0,0,1,0,0,0,0,0,0,0,0,0,10.013933333333334,0,5,False,False,False,True,False,False,False,False,False,False,False,False,False,False,False,False,False,False,False,False,False,False,False,False,False,False,3.700000000000003,74.13333333333333,75.23333333333333,False,True,0,0.4
16136,4447,33,5,14,3,0,4,1,18,9,2,0,0,3,1,2,0,0,0,0,0,0,45.84786666666666,0,5,False,False,False,False,False,False,False,False,False,True,False,False,False,False,False,False,False,False,False,False,False,False,False,False,False,False,131.79999999999998,69.05,78.20714285714287,True,True,0,0.0
16136,5203,79,5,68,0,0,5,2,99,13,0,4,3,2,0,0,0,0,0,0,0,0,51.79473333333333,0,27,False,False,False,False,False,False,False,False,False,False,False,False,False,False,False,False,False,False,False,False,True,False,False,False,False,False,131.79999999999995,57.93382352941177,59.21617647058823,False,False,1,0.6
16136,5246,55,6,41,4,7,2,3,34,14,7,3,2,1,0,2,0,0,0,0,0,0,51.39035,0,9,False,False,False,True,False,False,False,False,False,False,False,False,False,False,False,False,False,False,False,False,False,False,False,False,False,False,161.4,78.0658536585366,80.7439024390244,False,False,1,1.0
16136,5470,24,3,25,1,0,1,0,30,3,1,1,0,0,0,0,0,0,0,0,0,0,32.99893333333333,0,14,False,False,False,False,False,False,False,False,False,False,False,True,False,False,False,False,False,False,False,False,False,False,False,False,False,False,75.79999999999997,63.008,65.544,False,False,1,1.0
16136,5477,67,3,66,0,13,0,1,56,8,2,2,0,0,0,4,0,0,0,0,1,0,44.8969,0,10,False,False,False,False,False,False,False,False,False,False,False,False,False,False,False,False,False,False,False,False,False,False,True,False,False,False,442.4,79.32878787878788,84.80454545454546,True,False,1,1.0
16136,5830,7,3,11,0,0,3,1,17,9,0,0,1,2,2,0,5,0,0,0,1,0,49.29515,0,4,False,True,False,False,False,False,False,False,False,False,False,False,False,False,False,False,False,False,False,False,False,False,False,False,False,False,19.5,36.8,36.68181818181818,False,False,1,1.0
16136,6332,46,0,43,0,0,2,1,56,7,0,2,0,2,0,0,0,0,0,0,0,0,47.43155,0,16,False,False,False,False,False,False,False,False,True,False,False,False,False,False,False,False,False,False,False,False,False,False,False,False,False,False,99.9,38.22093023255814,38.38139534883721,False,False,1,1.0
16136,6608,2,1,2,0,0,0,0,2,3,0,0,0,0,0,0,0,0,0,0,0,0,8.655083333333332,0,2,False,False,False,False,False,False,False,False,False,False,False,False,False,False,False,False,False,False,False,True,False,False,False,False,False,False,1.3999999999999917,75.4,75.0,False,False,1,0.8
16136,6610,10,6,12,0,0,0,0,38,1,0,0,1,0,0,0,0,0,17,0,2,0,48.78105,0,13,False,False,False,False,False,True,False,False,False,False,False,False,False,False,False,False,False,False,False,False,False,False,False,False,False,False,68.6,7.8,13.516666666666666,False,False,1,0.6
16136,11392,58,0,52,0,0,2,2,62,6,0,0,1,0,0,0,0,0,0,0,0,0,44.72031666666667,0,14,False,False,False,False,False,False,False,False,False,False,True,False,False,False,False,False,False,False,False,False,False,False,False,False,False,False,165.80000000000007,60.1,61.35,True,False,1,0.6
16136,11730,26,4,22,1,2,1,1,30,17,0,4,3,2,0,0,1,0,0,0,0,0,50.4225,0,10,False,False,False,False,False,False,False,False,False,False,False,False,False,False,True,False,False,False,False,False,False,False,False,False,False,False,76.8,62.13636363636363,65.15454545454546,False,False,1,1.0
16136,16212,28,3,27,2,6,3,1,27,16,2,2,3,1,0,1,1,0,0,0,0,0,45.62763333333333,0,9,False,False,False,False,False,False,False,False,False,False,False,False,False,False,False,False,False,False,False,True,False,False,False,False,False,False,69.69999999999996,49.507407407407406,51.15555555555556,True,False,1,1.0
16149,5203,61,1,54,0,1,2,2,68,10,0,0,1,1,2,1,0,0,0,0,0,0,42.867650000000005,0,19,False,False,True,False,False,False,False,False,False,False,False,False,False,False,False,False,False,False,False,False,False,False,False,False,False,False,127.7,57.9537037037037,58.02222222222222,True,True,0,0.0
16149,5470,77,5,73,0,4,1,3,78,13,1,1,0,3,1,0,0,0,0,0,0,0,46.01788333333333,0,23,False,False,True,False,False,False,False,False,False,False,False,False,False,False,False,False,False,False,False,False,False,False,False,False,False,False,326.30000000000007,59.5,63.12328767123287,False,False,1,1.0
16149,5503,72,5,58,1,9,2,3,60,10,7,2,2,1,0,0,0,0,0,0,0,0,47.20828333333333,0,16,False,False,False,False,False,False,False,False,False,False,False,False,False,False,False,False,False,False,False,False,False,False,True,False,False,False,282.3,75.52931034482758,78.7655172413793,False,False,1,1.0
16149,6332,6,1,6,0,0,0,0,7,0,0,0,0,0,0,0,1,0,0,0,0,0,12.5114,0,7,False,False,False,False,False,False,False,False,True,False,False,False,False,False,False,False,False,False,False,False,False,False,False,False,False,False,3.400000000000002,38.41666666666666,38.35,False,False,1,0.8
16149,6573,18,4,20,0,0,1,0,26,7,1,0,0,4,1,0,1,0,0,1,0,0,44.66868333333333,0,5,False,True,False,False,False,False,False,False,False,False,False,False,False,False,False,False,False,False,False,False,False,False,False,False,False,False,48.400000000000006,36.855,37.885000000000005,False,False,1,0.6
16149,6574,12,1,12,1,0,0,0,16,8,0,0,0,1,0,0,0,0,0,0,0,0,22.154466666666668,0,11,False,False,False,False,False,False,False,False,False,False,False,False,False,False,False,False,False,False,False,True,False,False,False,False,False,False,89.40000000000002,55.81666666666666,62.51666666666667,False,False,1,0.8
16149,6579,28,2,24,0,1,7,1,34,15,1,3,3,1,7,0,5,0,0,0,1,0,47.29103333333333,0,8,False,False,False,False,False,False,False,False,False,False,False,False,False,False,False,False,False,True,False,False,False,False,False,False,False,False,37.5,35.50416666666667,36.96666666666667,False,False,1,1.0
16149,6826,30,0,28,0,0,5,0,38,14,0,3,2,2,1,0,4,0,0,0,0,0,45.463366666666666,0,5,False,False,False,False,False,False,False,False,True,False,False,False,False,False,False,False,False,False,False,False,False,False,False,False,False,False,108.8,31.13214285714286,33.20357142857143,True,False,1,0.8
16149,7578,5,2,5,1,0,1,0,4,2,0,0,0,1,0,0,0,0,0,0,0,0,10.973566666666668,0,4,False,False,False,False,False,False,False,False,False,False,False,False,False,False,False,False,False,False,True,False,False,False,False,False,False,False,40.89999999999999,78.9,82.92,False,False,1,0.8
16149,8206,33,4,29,1,0,2,0,37,10,0,1,1,2,0,0,2,0,0,0,0,0,44.14843333333333,0,8,False,False,False,False,False,False,False,False,False,False,False,False,False,False,False,False,False,False,False,True,False,False,False,False,False,False,109.6,60.310344827586206,63.10344827586207,True,False,1,0.6
16149,11292,33,6,34,0,1,1,2,41,13,0,5,1,0,2,4,1,0,0,0,0,0,46.4634,0,13,False,False,False,False,False,False,False,False,False,False,False,False,False,False,False,False,True,False,False,False,False,False,False,False,False,False,138.7,61.88529411764706,64.90588235294118,False,False,1,1.0
16157,3109,8,1,8,0,0,0,0,9,0,0,1,0,0,0,0,0,0,0,0,0,0,6.9005833333333335,0,9,False,False,False,False,False,False,False,False,False,False,False,False,False,True,False,False,False,False,False,False,False,False,False,False,False,False,10.0,105.125,104.125,False,False,1,0.8
16157,5211,52,3,50,0,0,2,0,55,3,1,1,0,1,0,1,2,0,0,0,0,0,46.7181,0,12,False,False,False,False,False,False,False,True,False,False,False,False,False,False,False,False,False,False,False,False,False,False,False,False,False,False,89.0,86.84,87.06,False,False,1,0.6
16157,5246,50,8,38,2,2,0,0,34,15,2,0,0,0,0,5,0,0,0,0,0,1,44.34248333333333,0,12,False,False,False,True,False,False,False,False,False,False,False,False,False,False,False,False,False,False,False,False,False,False,False,False,False,False,153.0,88.78947368421052,91.86842105263158,False,False,1,0.6
16157,5470,95,6,90,1,2,5,1,99,36,2,1,1,1,2,0,0,0,0,0,0,0,47.90678333333334,0,34,False,False,True,False,False,False,False,False,False,False,False,False,False,False,False,False,False,False,False,False,False,False,False,False,False,False,231.0,65.52222222222223,66.24444444444444,False,False,1,0.8
16157,5503,92,4,84,4,8,0,0,72,7,8,0,0,0,0,1,0,0,0,0,0,0,46.827216666666665,0,23,False,False,False,False,False,False,False,False,False,False,False,False,False,False,False,False,False,False,False,False,False,False,True,False,False,False,400.1,81.70238095238095,85.63690476190476,False,False,1,0.8
